asset_id,source_id,asset_type,subtype,name,line,parent_asset,station,km_start,km_end,location,criticality
FOR-SYS-001,fort-portal,system,whole railway,Fort Portal railway system,,,,,,"0.6034,30.2074 to 0.7386,30.3426",system
FOR-RS-L1-001,line-1-001,rolling-stock,revenue,line-1 trainset 001,line-1,FOR-SYS-001,,,,fleet,service
FOR-RS-L1-002,line-1-002,rolling-stock,revenue,line-1 trainset 002,line-1,FOR-SYS-001,,,,fleet,service
FOR-RS-L1-003,line-1-003,rolling-stock,revenue,line-1 trainset 003,line-1,FOR-SYS-001,,,,fleet,service
FOR-RS-L1-004,line-1-004,rolling-stock,revenue,line-1 trainset 004,line-1,FOR-SYS-001,,,,fleet,service
FOR-RS-L1-005,line-1-005,rolling-stock,revenue,line-1 trainset 005,line-1,FOR-SYS-001,,,,fleet,service
FOR-RS-L1-006,line-1-006,rolling-stock,revenue,line-1 trainset 006,line-1,FOR-SYS-001,,,,fleet,service
FOR-RS-L1-007,line-1-007,rolling-stock,revenue,line-1 trainset 007,line-1,FOR-SYS-001,,,,fleet,service
FOR-RS-L1-008,line-1-008,rolling-stock,revenue,line-1 trainset 008,line-1,FOR-SYS-001,,,,fleet,service
FOR-RS-L1-009,line-1-009,rolling-stock,revenue,line-1 trainset 009,line-1,FOR-SYS-001,,,,fleet,service
FOR-RS-L1-010,line-1-010,rolling-stock,revenue,line-1 trainset 010,line-1,FOR-SYS-001,,,,fleet,service
FOR-RS-L1-011,line-1-011,rolling-stock,revenue,line-1 trainset 011,line-1,FOR-SYS-001,,,,fleet,service
FOR-RS-L1-012,line-1-012,rolling-stock,revenue,line-1 trainset 012,line-1,FOR-SYS-001,,,,fleet,service
FOR-RS-L1-013,line-1-013,rolling-stock,revenue,line-1 trainset 013,line-1,FOR-SYS-001,,,,fleet,service
FOR-RS-L1-014,line-1-014,rolling-stock,revenue,line-1 trainset 014,line-1,FOR-SYS-001,,,,fleet,service
FOR-RS-L1-015,line-1-015,rolling-stock,revenue,line-1 trainset 015,line-1,FOR-SYS-001,,,,fleet,service
FOR-RS-L1-016,line-1-016,rolling-stock,revenue,line-1 trainset 016,line-1,FOR-SYS-001,,,,fleet,service
FOR-RS-L1-017,line-1-017,rolling-stock,revenue,line-1 trainset 017,line-1,FOR-SYS-001,,,,fleet,service
FOR-RS-L1-018,line-1-018,rolling-stock,revenue,line-1 trainset 018,line-1,FOR-SYS-001,,,,fleet,service
FOR-RS-L1-019,line-1-019,rolling-stock,revenue,line-1 trainset 019,line-1,FOR-SYS-001,,,,fleet,service
FOR-RS-L1-020,line-1-020,rolling-stock,revenue,line-1 trainset 020,line-1,FOR-SYS-001,,,,fleet,service
FOR-RS-L1-021,line-1-021,rolling-stock,revenue,line-1 trainset 021,line-1,FOR-SYS-001,,,,fleet,service
FOR-RS-L1-022,line-1-022,rolling-stock,revenue,line-1 trainset 022,line-1,FOR-SYS-001,,,,fleet,service
FOR-RS-L1-023,line-1-023,rolling-stock,revenue,line-1 trainset 023,line-1,FOR-SYS-001,,,,fleet,service
FOR-RS-L1-024,line-1-024,rolling-stock,revenue,line-1 trainset 024,line-1,FOR-SYS-001,,,,fleet,service
FOR-RS-L1-025,line-1-025,rolling-stock,revenue,line-1 trainset 025,line-1,FOR-SYS-001,,,,fleet,service
FOR-RS-L1-026,line-1-026,rolling-stock,revenue,line-1 trainset 026,line-1,FOR-SYS-001,,,,fleet,service
FOR-RS-L1-027,line-1-027,rolling-stock,revenue,line-1 trainset 027,line-1,FOR-SYS-001,,,,fleet,service
FOR-RS-L1-028,line-1-028,rolling-stock,revenue,line-1 trainset 028,line-1,FOR-SYS-001,,,,fleet,service
FOR-RS-L1-029,line-1-029,rolling-stock,revenue,line-1 trainset 029,line-1,FOR-SYS-001,,,,fleet,service
FOR-RS-L1-030,line-1-030,rolling-stock,revenue,line-1 trainset 030,line-1,FOR-SYS-001,,,,fleet,service
FOR-RS-L1-031,line-1-031,rolling-stock,revenue,line-1 trainset 031,line-1,FOR-SYS-001,,,,fleet,service
FOR-RS-L1-032,line-1-032,rolling-stock,revenue,line-1 trainset 032,line-1,FOR-SYS-001,,,,fleet,service
FOR-RS-L1-033,line-1-033,rolling-stock,revenue,line-1 trainset 033,line-1,FOR-SYS-001,,,,fleet,service
FOR-RS-L1-034,line-1-034,rolling-stock,revenue,line-1 trainset 034,line-1,FOR-SYS-001,,,,fleet,service
FOR-RS-L1-035,line-1-035,rolling-stock,spare,line-1 trainset 035,line-1,FOR-SYS-001,,,,fleet,service
FOR-RS-L1-036,line-1-036,rolling-stock,spare,line-1 trainset 036,line-1,FOR-SYS-001,,,,fleet,service
FOR-RS-L1-037,line-1-037,rolling-stock,spare,line-1 trainset 037,line-1,FOR-SYS-001,,,,fleet,service
FOR-RS-L1-038,line-1-038,rolling-stock,cold-reserve,line-1 trainset 038,line-1,FOR-SYS-001,,,,fleet,service
FOR-RS-L2-001,line-2-001,rolling-stock,revenue,line-2 trainset 001,line-2,FOR-SYS-001,,,,fleet,service
FOR-RS-L2-002,line-2-002,rolling-stock,revenue,line-2 trainset 002,line-2,FOR-SYS-001,,,,fleet,service
FOR-RS-L2-003,line-2-003,rolling-stock,revenue,line-2 trainset 003,line-2,FOR-SYS-001,,,,fleet,service
FOR-RS-L2-004,line-2-004,rolling-stock,revenue,line-2 trainset 004,line-2,FOR-SYS-001,,,,fleet,service
FOR-RS-L2-005,line-2-005,rolling-stock,revenue,line-2 trainset 005,line-2,FOR-SYS-001,,,,fleet,service
FOR-RS-L2-006,line-2-006,rolling-stock,revenue,line-2 trainset 006,line-2,FOR-SYS-001,,,,fleet,service
FOR-RS-L2-007,line-2-007,rolling-stock,revenue,line-2 trainset 007,line-2,FOR-SYS-001,,,,fleet,service
FOR-RS-L2-008,line-2-008,rolling-stock,revenue,line-2 trainset 008,line-2,FOR-SYS-001,,,,fleet,service
FOR-RS-L2-009,line-2-009,rolling-stock,revenue,line-2 trainset 009,line-2,FOR-SYS-001,,,,fleet,service
FOR-RS-L2-010,line-2-010,rolling-stock,revenue,line-2 trainset 010,line-2,FOR-SYS-001,,,,fleet,service
FOR-RS-L2-011,line-2-011,rolling-stock,revenue,line-2 trainset 011,line-2,FOR-SYS-001,,,,fleet,service
FOR-RS-L2-012,line-2-012,rolling-stock,revenue,line-2 trainset 012,line-2,FOR-SYS-001,,,,fleet,service
FOR-RS-L2-013,line-2-013,rolling-stock,revenue,line-2 trainset 013,line-2,FOR-SYS-001,,,,fleet,service
FOR-RS-L2-014,line-2-014,rolling-stock,revenue,line-2 trainset 014,line-2,FOR-SYS-001,,,,fleet,service
FOR-RS-L2-015,line-2-015,rolling-stock,revenue,line-2 trainset 015,line-2,FOR-SYS-001,,,,fleet,service
FOR-RS-L2-016,line-2-016,rolling-stock,revenue,line-2 trainset 016,line-2,FOR-SYS-001,,,,fleet,service
FOR-RS-L2-017,line-2-017,rolling-stock,revenue,line-2 trainset 017,line-2,FOR-SYS-001,,,,fleet,service
FOR-RS-L2-018,line-2-018,rolling-stock,revenue,line-2 trainset 018,line-2,FOR-SYS-001,,,,fleet,service
FOR-RS-L2-019,line-2-019,rolling-stock,revenue,line-2 trainset 019,line-2,FOR-SYS-001,,,,fleet,service
FOR-RS-L2-020,line-2-020,rolling-stock,revenue,line-2 trainset 020,line-2,FOR-SYS-001,,,,fleet,service
FOR-RS-L2-021,line-2-021,rolling-stock,revenue,line-2 trainset 021,line-2,FOR-SYS-001,,,,fleet,service
FOR-RS-L2-022,line-2-022,rolling-stock,revenue,line-2 trainset 022,line-2,FOR-SYS-001,,,,fleet,service
FOR-RS-L2-023,line-2-023,rolling-stock,revenue,line-2 trainset 023,line-2,FOR-SYS-001,,,,fleet,service
FOR-RS-L2-024,line-2-024,rolling-stock,revenue,line-2 trainset 024,line-2,FOR-SYS-001,,,,fleet,service
FOR-RS-L2-025,line-2-025,rolling-stock,revenue,line-2 trainset 025,line-2,FOR-SYS-001,,,,fleet,service
FOR-RS-L2-026,line-2-026,rolling-stock,spare,line-2 trainset 026,line-2,FOR-SYS-001,,,,fleet,service
FOR-RS-L2-027,line-2-027,rolling-stock,spare,line-2 trainset 027,line-2,FOR-SYS-001,,,,fleet,service
FOR-RS-L2-028,line-2-028,rolling-stock,cold-reserve,line-2 trainset 028,line-2,FOR-SYS-001,,,,fleet,service
FOR-RS-L3-001,line-3-001,rolling-stock,revenue,line-3 trainset 001,line-3,FOR-SYS-001,,,,fleet,service
FOR-RS-L3-002,line-3-002,rolling-stock,revenue,line-3 trainset 002,line-3,FOR-SYS-001,,,,fleet,service
FOR-RS-L3-003,line-3-003,rolling-stock,revenue,line-3 trainset 003,line-3,FOR-SYS-001,,,,fleet,service
FOR-RS-L3-004,line-3-004,rolling-stock,revenue,line-3 trainset 004,line-3,FOR-SYS-001,,,,fleet,service
FOR-RS-L3-005,line-3-005,rolling-stock,revenue,line-3 trainset 005,line-3,FOR-SYS-001,,,,fleet,service
FOR-RS-L3-006,line-3-006,rolling-stock,revenue,line-3 trainset 006,line-3,FOR-SYS-001,,,,fleet,service
FOR-RS-L3-007,line-3-007,rolling-stock,revenue,line-3 trainset 007,line-3,FOR-SYS-001,,,,fleet,service
FOR-RS-L3-008,line-3-008,rolling-stock,revenue,line-3 trainset 008,line-3,FOR-SYS-001,,,,fleet,service
FOR-RS-L3-009,line-3-009,rolling-stock,revenue,line-3 trainset 009,line-3,FOR-SYS-001,,,,fleet,service
FOR-RS-L3-010,line-3-010,rolling-stock,revenue,line-3 trainset 010,line-3,FOR-SYS-001,,,,fleet,service
FOR-RS-L3-011,line-3-011,rolling-stock,revenue,line-3 trainset 011,line-3,FOR-SYS-001,,,,fleet,service
FOR-RS-L3-012,line-3-012,rolling-stock,revenue,line-3 trainset 012,line-3,FOR-SYS-001,,,,fleet,service
FOR-RS-L3-013,line-3-013,rolling-stock,revenue,line-3 trainset 013,line-3,FOR-SYS-001,,,,fleet,service
FOR-RS-L3-014,line-3-014,rolling-stock,revenue,line-3 trainset 014,line-3,FOR-SYS-001,,,,fleet,service
FOR-RS-L3-015,line-3-015,rolling-stock,revenue,line-3 trainset 015,line-3,FOR-SYS-001,,,,fleet,service
FOR-RS-L3-016,line-3-016,rolling-stock,revenue,line-3 trainset 016,line-3,FOR-SYS-001,,,,fleet,service
FOR-RS-L3-017,line-3-017,rolling-stock,revenue,line-3 trainset 017,line-3,FOR-SYS-001,,,,fleet,service
FOR-RS-L3-018,line-3-018,rolling-stock,revenue,line-3 trainset 018,line-3,FOR-SYS-001,,,,fleet,service
FOR-RS-L3-019,line-3-019,rolling-stock,revenue,line-3 trainset 019,line-3,FOR-SYS-001,,,,fleet,service
FOR-RS-L3-020,line-3-020,rolling-stock,revenue,line-3 trainset 020,line-3,FOR-SYS-001,,,,fleet,service
FOR-RS-L3-021,line-3-021,rolling-stock,revenue,line-3 trainset 021,line-3,FOR-SYS-001,,,,fleet,service
FOR-RS-L3-022,line-3-022,rolling-stock,revenue,line-3 trainset 022,line-3,FOR-SYS-001,,,,fleet,service
FOR-RS-L3-023,line-3-023,rolling-stock,revenue,line-3 trainset 023,line-3,FOR-SYS-001,,,,fleet,service
FOR-RS-L3-024,line-3-024,rolling-stock,revenue,line-3 trainset 024,line-3,FOR-SYS-001,,,,fleet,service
FOR-RS-L3-025,line-3-025,rolling-stock,revenue,line-3 trainset 025,line-3,FOR-SYS-001,,,,fleet,service
FOR-RS-L3-026,line-3-026,rolling-stock,revenue,line-3 trainset 026,line-3,FOR-SYS-001,,,,fleet,service
FOR-RS-L3-027,line-3-027,rolling-stock,revenue,line-3 trainset 027,line-3,FOR-SYS-001,,,,fleet,service
FOR-RS-L3-028,line-3-028,rolling-stock,revenue,line-3 trainset 028,line-3,FOR-SYS-001,,,,fleet,service
FOR-RS-L3-029,line-3-029,rolling-stock,revenue,line-3 trainset 029,line-3,FOR-SYS-001,,,,fleet,service
FOR-RS-L3-030,line-3-030,rolling-stock,revenue,line-3 trainset 030,line-3,FOR-SYS-001,,,,fleet,service
FOR-RS-L3-031,line-3-031,rolling-stock,revenue,line-3 trainset 031,line-3,FOR-SYS-001,,,,fleet,service
FOR-RS-L3-032,line-3-032,rolling-stock,revenue,line-3 trainset 032,line-3,FOR-SYS-001,,,,fleet,service
FOR-RS-L3-033,line-3-033,rolling-stock,revenue,line-3 trainset 033,line-3,FOR-SYS-001,,,,fleet,service
FOR-RS-L3-034,line-3-034,rolling-stock,revenue,line-3 trainset 034,line-3,FOR-SYS-001,,,,fleet,service
FOR-RS-L3-035,line-3-035,rolling-stock,revenue,line-3 trainset 035,line-3,FOR-SYS-001,,,,fleet,service
FOR-RS-L3-036,line-3-036,rolling-stock,revenue,line-3 trainset 036,line-3,FOR-SYS-001,,,,fleet,service
FOR-RS-L3-037,line-3-037,rolling-stock,revenue,line-3 trainset 037,line-3,FOR-SYS-001,,,,fleet,service
FOR-RS-L3-038,line-3-038,rolling-stock,revenue,line-3 trainset 038,line-3,FOR-SYS-001,,,,fleet,service
FOR-RS-L3-039,line-3-039,rolling-stock,spare,line-3 trainset 039,line-3,FOR-SYS-001,,,,fleet,service
FOR-RS-L3-040,line-3-040,rolling-stock,spare,line-3 trainset 040,line-3,FOR-SYS-001,,,,fleet,service
FOR-RS-L3-041,line-3-041,rolling-stock,spare,line-3 trainset 041,line-3,FOR-SYS-001,,,,fleet,service
FOR-RS-L3-042,line-3-042,rolling-stock,cold-reserve,line-3 trainset 042,line-3,FOR-SYS-001,,,,fleet,service
FOR-ST-001,line-1-0565-0491-s000000,station,terminal,KATARAKA H/UNIT IV,line-1,FOR-SYS-001,line-1-0565-0491-s000000,0.000,0.000,"0.636829, 30.295710",public
FOR-ST-002,line-1-0538-0442-s002013,station,standard,BUKWALI,line-1,FOR-SYS-001,line-1-0538-0442-s002013,2.013,2.013,"0.641688, 30.286906",public
FOR-ST-003,line-1-0490-0414-s003222,station,major,line-1-0490-0414-s003222,line-1,FOR-SYS-001,line-1-0490-0414-s003222,3.222,3.222,"0.650327, 30.281875",public
FOR-ST-004,line-1-0458-0397-s004436,station,major,Mpanga Market,line-1,FOR-SYS-001,line-1-0458-0397-s004436,4.436,4.436,"0.656086, 30.278821",public
FOR-ST-005,line-1-0386-0374-s006745,station,interchange-elevated,line-1-0386-0374-s006745,line-1,FOR-SYS-001,line-1-0386-0374-s006745,6.745,6.745,"0.669043, 30.274688",public
FOR-ST-006,line-1-0356-0329-s008223,station,standard,line-1-0356-0329-s008223,line-1,FOR-SYS-001,line-1-0356-0329-s008223,8.223,8.223,"0.674442, 30.266603",public
FOR-ST-007,line-1-0310-0280-s009687,station,standard,line-1-0310-0280-s009687,line-1,FOR-SYS-001,line-1-0310-0280-s009687,9.687,9.687,"0.682721, 30.257799",public
FOR-ST-008,line-1-0294-0228-s010953,station,standard,Mountains of the Moon University,line-1,FOR-SYS-001,line-1-0294-0228-s010953,10.953,10.953,"0.685600, 30.248456",public
FOR-ST-009,line-1-0297-0166-s012218,station,terminal,Road to the buruuj,line-1,FOR-SYS-001,line-1-0297-0166-s012218,12.218,12.218,"0.685060, 30.237316",public
FOR-ST-010,line-2-0404-0455-s000000,station,terminal,Njara 'B',line-2,FOR-SYS-001,line-2-0404-0455-s000000,0.000,0.000,"0.665804, 30.289242",public
FOR-ST-011,line-2-0386-0374-s002060,station,interchange-elevated,line-2-0386-0374-s002060,line-2,FOR-SYS-001,line-2-0386-0374-s002060,2.060,2.060,"0.669043, 30.274688",public
FOR-ST-012,line-2-0469-0354-s004454,station,major,Fort Portal Taxi Park,line-2,FOR-SYS-001,line-2-0469-0354-s004454,4.454,4.454,"0.654106, 30.271095",public
FOR-ST-013,line-2-0504-0352-s005661,station,major,Kabarole Hospital,line-2,FOR-SYS-001,line-2-0504-0352-s005661,5.661,5.661,"0.647807, 30.270735",public
FOR-ST-014,line-2-0579-0325-s007413,station,standard,St Mary's Seminary,line-2,FOR-SYS-001,line-2-0579-0325-s007413,7.413,7.413,"0.634310, 30.265884",public
FOR-ST-015,line-2-0638-0268-s009152,station,terminal,KASUSU HC III,line-2,FOR-SYS-001,line-2-0638-0268-s009152,9.152,9.152,"0.623692, 30.255643",public
FOR-ST-016,line-3-0536-0748-s000000,station,terminal,KASWA HEALTH CENTRE II,line-3,FOR-SYS-001,line-3-0536-0748-s000000,0.000,0.000,"0.642048, 30.341886",public
FOR-ST-017,line-3-0509-0615-s003004,station,halt,line-3-0509-0615-s003004,line-3,FOR-SYS-001,line-3-0509-0615-s003004,3.004,3.004,"0.646907, 30.317990",public
FOR-ST-018,line-3-0491-0527-s005012,station,standard,line-3-0491-0527-s005012,line-3,FOR-SYS-001,line-3-0491-0527-s005012,5.012,5.012,"0.650147, 30.302178",public
FOR-ST-019,line-3-0420-0479-s007013,station,interchange-elevated,line-3-0420-0479-s007013,line-3,FOR-SYS-001,line-3-0420-0479-s007013,7.013,7.013,"0.662924, 30.293554",public
FOR-ST-020,line-3-0356-0425-s009025,station,standard,Njara 'C',line-3,FOR-SYS-001,line-3-0356-0425-s009025,9.025,9.025,"0.674442, 30.283852",public
FOR-ST-021,line-3-0386-0374-s010437,station,interchange-elevated,line-3-0386-0374-s010437,line-3,FOR-SYS-001,line-3-0386-0374-s010437,10.437,10.437,"0.669043, 30.274688",public
FOR-ST-022,line-3-0412-0320-s011732,station,standard,Fortportal International Nursing School,line-3,FOR-SYS-001,line-3-0412-0320-s011732,11.732,11.732,"0.664364, 30.264986",public
FOR-ST-023,line-3-0414-0256-s013029,station,standard,Mukonomura town,line-3,FOR-SYS-001,line-3-0414-0256-s013029,13.029,13.029,"0.664004, 30.253487",public
FOR-ST-024,line-3-0420-0164-s014918,station,depot-terminal,Mbuzi centre,line-3,FOR-SYS-001,line-3-0420-0164-s014918,14.918,14.918,"0.662924, 30.236956",public
FOR-TRK-L1-001,line-1-0565-0491-s000000--line-1-0538-0442-s002013,track-section,standard-urban,line-1 section 001,line-1,FOR-SYS-001,line-1-0565-0491-s000000 to line-1-0538-0442-s002013,0.000,2.013,KATARAKA H/UNIT IV to BUKWALI,safety
FOR-WPT-L1-001,w-node-line-1-0565-0491-s000000--line-1-0538-0442-s002013,waypoint,wayside-node,line-1 waypoint 001,line-1,FOR-TRK-L1-001,line-1-0565-0491-s000000 to line-1-0538-0442-s002013,1.007,1.007,KATARAKA H/UNIT IV to BUKWALI midpoint W-Node,safety
FOR-TRK-L1-002,line-1-0538-0442-s002013--line-1-0490-0414-s003222,track-section,standard-urban,line-1 section 002,line-1,FOR-SYS-001,line-1-0538-0442-s002013 to line-1-0490-0414-s003222,2.013,3.222,BUKWALI to line-1-0490-0414-s003222,safety
FOR-WPT-L1-002,w-node-line-1-0538-0442-s002013--line-1-0490-0414-s003222,waypoint,wayside-node,line-1 waypoint 002,line-1,FOR-TRK-L1-002,line-1-0538-0442-s002013 to line-1-0490-0414-s003222,2.618,2.618,BUKWALI to line-1-0490-0414-s003222 midpoint W-Node,safety
FOR-TRK-L1-003,line-1-0490-0414-s003222--line-1-0458-0397-s004436,track-section,standard-urban,line-1 section 003,line-1,FOR-SYS-001,line-1-0490-0414-s003222 to line-1-0458-0397-s004436,3.222,4.436,line-1-0490-0414-s003222 to Mpanga Market,safety
FOR-WPT-L1-003,w-node-line-1-0490-0414-s003222--line-1-0458-0397-s004436,waypoint,wayside-node,line-1 waypoint 003,line-1,FOR-TRK-L1-003,line-1-0490-0414-s003222 to line-1-0458-0397-s004436,3.829,3.829,line-1-0490-0414-s003222 to Mpanga Market midpoint W-Node,safety
FOR-TRK-L1-004,line-1-0458-0397-s004436--line-1-0386-0374-s006745,track-section,standard-urban,line-1 section 004,line-1,FOR-SYS-001,line-1-0458-0397-s004436 to line-1-0386-0374-s006745,4.436,6.745,Mpanga Market to line-1-0386-0374-s006745,safety
FOR-WPT-L1-004,w-node-line-1-0458-0397-s004436--line-1-0386-0374-s006745,waypoint,wayside-node,line-1 waypoint 004,line-1,FOR-TRK-L1-004,line-1-0458-0397-s004436 to line-1-0386-0374-s006745,5.591,5.591,Mpanga Market to line-1-0386-0374-s006745 midpoint W-Node,safety
FOR-TRK-L1-005,line-1-0386-0374-s006745--line-1-0356-0329-s008223,track-section,standard-urban,line-1 section 005,line-1,FOR-SYS-001,line-1-0386-0374-s006745 to line-1-0356-0329-s008223,6.745,8.223,line-1-0386-0374-s006745 to line-1-0356-0329-s008223,safety
FOR-WPT-L1-005,w-node-line-1-0386-0374-s006745--line-1-0356-0329-s008223,waypoint,wayside-node,line-1 waypoint 005,line-1,FOR-TRK-L1-005,line-1-0386-0374-s006745 to line-1-0356-0329-s008223,7.484,7.484,line-1-0386-0374-s006745 to line-1-0356-0329-s008223 midpoint W-Node,safety
FOR-TRK-L1-006,line-1-0356-0329-s008223--line-1-0310-0280-s009687,track-section,standard-urban,line-1 section 006,line-1,FOR-SYS-001,line-1-0356-0329-s008223 to line-1-0310-0280-s009687,8.223,9.687,line-1-0356-0329-s008223 to line-1-0310-0280-s009687,safety
FOR-WPT-L1-006,w-node-line-1-0356-0329-s008223--line-1-0310-0280-s009687,waypoint,wayside-node,line-1 waypoint 006,line-1,FOR-TRK-L1-006,line-1-0356-0329-s008223 to line-1-0310-0280-s009687,8.955,8.955,line-1-0356-0329-s008223 to line-1-0310-0280-s009687 midpoint W-Node,safety
FOR-TRK-L1-007,line-1-0310-0280-s009687--line-1-0294-0228-s010953,track-section,standard-urban,line-1 section 007,line-1,FOR-SYS-001,line-1-0310-0280-s009687 to line-1-0294-0228-s010953,9.687,10.953,line-1-0310-0280-s009687 to Mountains of the Moon University,safety
FOR-WPT-L1-007,w-node-line-1-0310-0280-s009687--line-1-0294-0228-s010953,waypoint,wayside-node,line-1 waypoint 007,line-1,FOR-TRK-L1-007,line-1-0310-0280-s009687 to line-1-0294-0228-s010953,10.320,10.320,line-1-0310-0280-s009687 to Mountains of the Moon University midpoint W-Node,safety
FOR-TRK-L1-008,line-1-0294-0228-s010953--line-1-0297-0166-s012218,track-section,standard-urban,line-1 section 008,line-1,FOR-SYS-001,line-1-0294-0228-s010953 to line-1-0297-0166-s012218,10.953,12.218,Mountains of the Moon University to Road to the buruuj,safety
FOR-WPT-L1-008,w-node-line-1-0294-0228-s010953--line-1-0297-0166-s012218,waypoint,wayside-node,line-1 waypoint 008,line-1,FOR-TRK-L1-008,line-1-0294-0228-s010953 to line-1-0297-0166-s012218,11.586,11.586,Mountains of the Moon University to Road to the buruuj midpoint W-Node,safety
FOR-TRK-L2-001,line-2-0404-0455-s000000--line-2-0386-0374-s002060,track-section,standard-urban,line-2 section 001,line-2,FOR-SYS-001,line-2-0404-0455-s000000 to line-2-0386-0374-s002060,0.000,2.060,Njara 'B' to line-2-0386-0374-s002060,safety
FOR-WPT-L2-001,w-node-line-2-0404-0455-s000000--line-2-0386-0374-s002060,waypoint,wayside-node,line-2 waypoint 001,line-2,FOR-TRK-L2-001,line-2-0404-0455-s000000 to line-2-0386-0374-s002060,1.030,1.030,Njara 'B' to line-2-0386-0374-s002060 midpoint W-Node,safety
FOR-TRK-L2-002,line-2-0386-0374-s002060--line-2-0469-0354-s004454,track-section,standard-urban,line-2 section 002,line-2,FOR-SYS-001,line-2-0386-0374-s002060 to line-2-0469-0354-s004454,2.060,4.454,line-2-0386-0374-s002060 to Fort Portal Taxi Park,safety
FOR-WPT-L2-002,w-node-line-2-0386-0374-s002060--line-2-0469-0354-s004454,waypoint,wayside-node,line-2 waypoint 002,line-2,FOR-TRK-L2-002,line-2-0386-0374-s002060 to line-2-0469-0354-s004454,3.257,3.257,line-2-0386-0374-s002060 to Fort Portal Taxi Park midpoint W-Node,safety
FOR-TRK-L2-003,line-2-0469-0354-s004454--line-2-0504-0352-s005661,track-section,standard-urban,line-2 section 003,line-2,FOR-SYS-001,line-2-0469-0354-s004454 to line-2-0504-0352-s005661,4.454,5.661,Fort Portal Taxi Park to Kabarole Hospital,safety
FOR-WPT-L2-003,w-node-line-2-0469-0354-s004454--line-2-0504-0352-s005661,waypoint,wayside-node,line-2 waypoint 003,line-2,FOR-TRK-L2-003,line-2-0469-0354-s004454 to line-2-0504-0352-s005661,5.057,5.057,Fort Portal Taxi Park to Kabarole Hospital midpoint W-Node,safety
FOR-TRK-L2-004,line-2-0504-0352-s005661--line-2-0579-0325-s007413,track-section,standard-urban,line-2 section 004,line-2,FOR-SYS-001,line-2-0504-0352-s005661 to line-2-0579-0325-s007413,5.661,7.413,Kabarole Hospital to St Mary's Seminary,safety
FOR-WPT-L2-004,w-node-line-2-0504-0352-s005661--line-2-0579-0325-s007413,waypoint,wayside-node,line-2 waypoint 004,line-2,FOR-TRK-L2-004,line-2-0504-0352-s005661 to line-2-0579-0325-s007413,6.537,6.537,Kabarole Hospital to St Mary's Seminary midpoint W-Node,safety
FOR-TRK-L2-005,line-2-0579-0325-s007413--line-2-0638-0268-s009152,track-section,standard-urban,line-2 section 005,line-2,FOR-SYS-001,line-2-0579-0325-s007413 to line-2-0638-0268-s009152,7.413,9.152,St Mary's Seminary to KASUSU HC III,safety
FOR-WPT-L2-005,w-node-line-2-0579-0325-s007413--line-2-0638-0268-s009152,waypoint,wayside-node,line-2 waypoint 005,line-2,FOR-TRK-L2-005,line-2-0579-0325-s007413 to line-2-0638-0268-s009152,8.282,8.282,St Mary's Seminary to KASUSU HC III midpoint W-Node,safety
FOR-TRK-L3-001,line-3-0536-0748-s000000--line-3-0509-0615-s003004,track-section,standard-urban,line-3 section 001,line-3,FOR-SYS-001,line-3-0536-0748-s000000 to line-3-0509-0615-s003004,0.000,3.004,KASWA HEALTH CENTRE II to line-3-0509-0615-s003004,safety
FOR-WPT-L3-001,w-node-line-3-0536-0748-s000000--line-3-0509-0615-s003004,waypoint,wayside-node,line-3 waypoint 001,line-3,FOR-TRK-L3-001,line-3-0536-0748-s000000 to line-3-0509-0615-s003004,1.502,1.502,KASWA HEALTH CENTRE II to line-3-0509-0615-s003004 midpoint W-Node,safety
FOR-TRK-L3-002,line-3-0509-0615-s003004--line-3-0491-0527-s005012,track-section,standard-urban,line-3 section 002,line-3,FOR-SYS-001,line-3-0509-0615-s003004 to line-3-0491-0527-s005012,3.004,5.012,line-3-0509-0615-s003004 to line-3-0491-0527-s005012,safety
FOR-WPT-L3-002,w-node-line-3-0509-0615-s003004--line-3-0491-0527-s005012,waypoint,wayside-node,line-3 waypoint 002,line-3,FOR-TRK-L3-002,line-3-0509-0615-s003004 to line-3-0491-0527-s005012,4.008,4.008,line-3-0509-0615-s003004 to line-3-0491-0527-s005012 midpoint W-Node,safety
FOR-TRK-L3-003,line-3-0491-0527-s005012--line-3-0420-0479-s007013,track-section,standard-urban,line-3 section 003,line-3,FOR-SYS-001,line-3-0491-0527-s005012 to line-3-0420-0479-s007013,5.012,7.013,line-3-0491-0527-s005012 to line-3-0420-0479-s007013,safety
FOR-WPT-L3-003,w-node-line-3-0491-0527-s005012--line-3-0420-0479-s007013,waypoint,wayside-node,line-3 waypoint 003,line-3,FOR-TRK-L3-003,line-3-0491-0527-s005012 to line-3-0420-0479-s007013,6.013,6.013,line-3-0491-0527-s005012 to line-3-0420-0479-s007013 midpoint W-Node,safety
FOR-TRK-L3-004,line-3-0420-0479-s007013--line-3-0356-0425-s009025,track-section,standard-urban,line-3 section 004,line-3,FOR-SYS-001,line-3-0420-0479-s007013 to line-3-0356-0425-s009025,7.013,9.025,line-3-0420-0479-s007013 to Njara 'C',safety
FOR-WPT-L3-004,w-node-line-3-0420-0479-s007013--line-3-0356-0425-s009025,waypoint,wayside-node,line-3 waypoint 004,line-3,FOR-TRK-L3-004,line-3-0420-0479-s007013 to line-3-0356-0425-s009025,8.019,8.019,line-3-0420-0479-s007013 to Njara 'C' midpoint W-Node,safety
FOR-TRK-L3-005,line-3-0356-0425-s009025--line-3-0386-0374-s010437,track-section,standard-urban,line-3 section 005,line-3,FOR-SYS-001,line-3-0356-0425-s009025 to line-3-0386-0374-s010437,9.025,10.437,Njara 'C' to line-3-0386-0374-s010437,safety
FOR-WPT-L3-005,w-node-line-3-0356-0425-s009025--line-3-0386-0374-s010437,waypoint,wayside-node,line-3 waypoint 005,line-3,FOR-TRK-L3-005,line-3-0356-0425-s009025 to line-3-0386-0374-s010437,9.731,9.731,Njara 'C' to line-3-0386-0374-s010437 midpoint W-Node,safety
FOR-TRK-L3-006,line-3-0386-0374-s010437--line-3-0412-0320-s011732,track-section,standard-urban,line-3 section 006,line-3,FOR-SYS-001,line-3-0386-0374-s010437 to line-3-0412-0320-s011732,10.437,11.732,line-3-0386-0374-s010437 to Fortportal International Nursing School,safety
FOR-WPT-L3-006,w-node-line-3-0386-0374-s010437--line-3-0412-0320-s011732,waypoint,wayside-node,line-3 waypoint 006,line-3,FOR-TRK-L3-006,line-3-0386-0374-s010437 to line-3-0412-0320-s011732,11.084,11.084,line-3-0386-0374-s010437 to Fortportal International Nursing School midpoint W-Node,safety
FOR-TRK-L3-007,line-3-0412-0320-s011732--line-3-0414-0256-s013029,track-section,standard-urban,line-3 section 007,line-3,FOR-SYS-001,line-3-0412-0320-s011732 to line-3-0414-0256-s013029,11.732,13.029,Fortportal International Nursing School to Mukonomura town,safety
FOR-WPT-L3-007,w-node-line-3-0412-0320-s011732--line-3-0414-0256-s013029,waypoint,wayside-node,line-3 waypoint 007,line-3,FOR-TRK-L3-007,line-3-0412-0320-s011732 to line-3-0414-0256-s013029,12.380,12.380,Fortportal International Nursing School to Mukonomura town midpoint W-Node,safety
FOR-TRK-L3-008,line-3-0414-0256-s013029--line-3-0420-0164-s014918,track-section,standard-urban,line-3 section 008,line-3,FOR-SYS-001,line-3-0414-0256-s013029 to line-3-0420-0164-s014918,13.029,14.918,Mukonomura town to Mbuzi centre,safety
FOR-WPT-L3-008,w-node-line-3-0414-0256-s013029--line-3-0420-0164-s014918,waypoint,wayside-node,line-3 waypoint 008,line-3,FOR-TRK-L3-008,line-3-0414-0256-s013029 to line-3-0420-0164-s014918,13.973,13.973,Mukonomura town to Mbuzi centre midpoint W-Node,safety
FOR-SW-001,sw-line-1-0565-0491-s000000-tb,switch,no-9-mainline,sw-line-1-0565-0491-s000000-tb,line-1,FOR-ST-001,line-1-0565-0491-s000000,,,line-1-0565-0491-s000000 turnback,safety
FOR-SW-002,sw-line-1-0297-0166-s012218-tb,switch,no-9-mainline,sw-line-1-0297-0166-s012218-tb,line-1,FOR-ST-009,line-1-0297-0166-s012218,,,line-1-0297-0166-s012218 turnback,safety
FOR-SW-003,sw-line-2-0404-0455-s000000-tb,switch,no-9-mainline,sw-line-2-0404-0455-s000000-tb,line-2,FOR-ST-010,line-2-0404-0455-s000000,,,line-2-0404-0455-s000000 turnback,safety
FOR-SW-004,sw-line-2-0638-0268-s009152-tb,switch,no-9-mainline,sw-line-2-0638-0268-s009152-tb,line-2,FOR-ST-015,line-2-0638-0268-s009152,,,line-2-0638-0268-s009152 turnback,safety
FOR-SW-005,sw-line-3-0536-0748-s000000-tb,switch,no-9-mainline,sw-line-3-0536-0748-s000000-tb,line-3,FOR-ST-016,line-3-0536-0748-s000000,,,line-3-0536-0748-s000000 turnback,safety
FOR-SW-006,sw-line-3-0420-0164-s014918-tb,switch,no-9-mainline,sw-line-3-0420-0164-s014918-tb,line-3,FOR-ST-024,line-3-0420-0164-s014918,,,line-3-0420-0164-s014918 turnback,safety
FOR-SW-007,sw-line-3-0420-0164-s014918-yd-01,switch,no-9-mainline,sw-line-3-0420-0164-s014918-yd-01,line-3,FOR-ST-024,line-3-0420-0164-s014918,,,line-3-0420-0164-s014918 yard-throat,safety
FOR-SW-008,sw-line-3-0420-0164-s014918-yd-02,switch,no-9-mainline,sw-line-3-0420-0164-s014918-yd-02,line-3,FOR-ST-024,line-3-0420-0164-s014918,,,line-3-0420-0164-s014918 yard-throat,safety
FOR-SW-009,sw-line-3-0420-0164-s014918-yd-03,switch,no-9-mainline,sw-line-3-0420-0164-s014918-yd-03,line-3,FOR-ST-024,line-3-0420-0164-s014918,,,line-3-0420-0164-s014918 yard-throat,safety
FOR-SW-010,sw-line-3-0420-0164-s014918-yd-04,switch,no-9-mainline,sw-line-3-0420-0164-s014918-yd-04,line-3,FOR-ST-024,line-3-0420-0164-s014918,,,line-3-0420-0164-s014918 yard-throat,safety
FOR-SW-011,sw-line-3-0420-0164-s014918-yd-05,switch,no-9-mainline,sw-line-3-0420-0164-s014918-yd-05,line-3,FOR-ST-024,line-3-0420-0164-s014918,,,line-3-0420-0164-s014918 yard-throat,safety
FOR-SW-012,sw-line-3-0420-0164-s014918-yd-06,switch,no-9-mainline,sw-line-3-0420-0164-s014918-yd-06,line-3,FOR-ST-024,line-3-0420-0164-s014918,,,line-3-0420-0164-s014918 yard-throat,safety
FOR-SW-013,sw-line-3-0420-0164-s014918-yd-07,switch,no-9-mainline,sw-line-3-0420-0164-s014918-yd-07,line-3,FOR-ST-024,line-3-0420-0164-s014918,,,line-3-0420-0164-s014918 yard-throat,safety
FOR-SW-014,sw-line-3-0420-0164-s014918-yd-08,switch,no-9-mainline,sw-line-3-0420-0164-s014918-yd-08,line-3,FOR-ST-024,line-3-0420-0164-s014918,,,line-3-0420-0164-s014918 yard-throat,safety
FOR-SW-015,sw-line-3-0420-0164-s014918-yd-09,switch,no-9-mainline,sw-line-3-0420-0164-s014918-yd-09,line-3,FOR-ST-024,line-3-0420-0164-s014918,,,line-3-0420-0164-s014918 yard-throat,safety
FOR-SW-016,sw-line-3-0420-0164-s014918-yd-10,switch,no-9-mainline,sw-line-3-0420-0164-s014918-yd-10,line-3,FOR-ST-024,line-3-0420-0164-s014918,,,line-3-0420-0164-s014918 yard-throat,safety
FOR-SW-017,sw-line-3-0420-0164-s014918-yd-11,switch,no-9-mainline,sw-line-3-0420-0164-s014918-yd-11,line-3,FOR-ST-024,line-3-0420-0164-s014918,,,line-3-0420-0164-s014918 yard-throat,safety
FOR-SW-018,sw-line-3-0420-0164-s014918-yd-12,switch,no-9-mainline,sw-line-3-0420-0164-s014918-yd-12,line-3,FOR-ST-024,line-3-0420-0164-s014918,,,line-3-0420-0164-s014918 yard-throat,safety
FOR-SW-019,sw-line-3-0420-0164-s014918-yd-13,switch,no-9-mainline,sw-line-3-0420-0164-s014918-yd-13,line-3,FOR-ST-024,line-3-0420-0164-s014918,,,line-3-0420-0164-s014918 yard-throat,safety
FOR-SW-020,sw-line-3-0420-0164-s014918-yd-14,switch,no-9-mainline,sw-line-3-0420-0164-s014918-yd-14,line-3,FOR-ST-024,line-3-0420-0164-s014918,,,line-3-0420-0164-s014918 yard-throat,safety
FOR-SW-021,sw-line-3-0420-0164-s014918-yd-15,switch,no-9-mainline,sw-line-3-0420-0164-s014918-yd-15,line-3,FOR-ST-024,line-3-0420-0164-s014918,,,line-3-0420-0164-s014918 yard-throat,safety
FOR-SW-022,sw-line-3-0420-0164-s014918-yd-16,switch,no-9-mainline,sw-line-3-0420-0164-s014918-yd-16,line-3,FOR-ST-024,line-3-0420-0164-s014918,,,line-3-0420-0164-s014918 yard-throat,safety
FOR-SW-023,sw-line-3-0420-0164-s014918-yd-17,switch,no-9-mainline,sw-line-3-0420-0164-s014918-yd-17,line-3,FOR-ST-024,line-3-0420-0164-s014918,,,line-3-0420-0164-s014918 yard-throat,safety
FOR-DEP-001,depot-line-3-0420-0164-s014918,depot,main-heavy,main-heavy at line-3-0420-0164-s014918,line-3,FOR-ST-024,line-3-0420-0164-s014918,,,line-3-0420-0164-s014918; 17 stalls,service
FOR-PLANT-001,plant-line-3-0420-0164-s014918,depots-production,tooling-fixtures,production/depot tooling at line-3-0420-0164-s014918,line-3,FOR-ST-024,line-3-0420-0164-s014918,,,line-3-0420-0164-s014918,production
FOR-EN-001,energy-line-1-0565-0491-s000000,energy,pv-bess-charger,energy site at line-1-0565-0491-s000000,line-1,FOR-ST-001,line-1-0565-0491-s000000,,,300 kW PV; 500 kWh storage,energy
FOR-EN-002,energy-line-1-0538-0442-s002013,energy,pv-bess-charger,energy site at line-1-0538-0442-s002013,line-1,FOR-ST-002,line-1-0538-0442-s002013,,,300 kW PV; 500 kWh storage,energy
FOR-EN-003,energy-line-1-0490-0414-s003222,energy,pv-bess-charger,energy site at line-1-0490-0414-s003222,line-1,FOR-ST-003,line-1-0490-0414-s003222,,,300 kW PV; 500 kWh storage,energy
FOR-EN-004,energy-line-1-0458-0397-s004436,energy,pv-bess-charger,energy site at line-1-0458-0397-s004436,line-1,FOR-ST-004,line-1-0458-0397-s004436,,,300 kW PV; 500 kWh storage,energy
FOR-EN-005,energy-line-1-0386-0374-s006745,energy,pv-bess-charger,energy site at line-1-0386-0374-s006745,line-1,FOR-ST-005,line-1-0386-0374-s006745,,,300 kW PV; 500 kWh storage,energy
FOR-EN-006,energy-line-1-0356-0329-s008223,energy,pv-bess-charger,energy site at line-1-0356-0329-s008223,line-1,FOR-ST-006,line-1-0356-0329-s008223,,,300 kW PV; 500 kWh storage,energy
FOR-EN-007,energy-line-1-0310-0280-s009687,energy,pv-bess-charger,energy site at line-1-0310-0280-s009687,line-1,FOR-ST-007,line-1-0310-0280-s009687,,,300 kW PV; 500 kWh storage,energy
FOR-EN-008,energy-line-1-0294-0228-s010953,energy,pv-bess-charger,energy site at line-1-0294-0228-s010953,line-1,FOR-ST-008,line-1-0294-0228-s010953,,,300 kW PV; 500 kWh storage,energy
FOR-EN-009,energy-line-1-0297-0166-s012218,energy,pv-bess-charger,energy site at line-1-0297-0166-s012218,line-1,FOR-ST-009,line-1-0297-0166-s012218,,,300 kW PV; 500 kWh storage,energy
FOR-EN-010,energy-line-2-0404-0455-s000000,energy,pv-bess-charger,energy site at line-2-0404-0455-s000000,line-2,FOR-ST-010,line-2-0404-0455-s000000,,,300 kW PV; 500 kWh storage,energy
FOR-EN-011,energy-line-2-0386-0374-s002060,energy,pv-bess-charger,energy site at line-2-0386-0374-s002060,line-2,FOR-ST-011,line-2-0386-0374-s002060,,,300 kW PV; 500 kWh storage,energy
FOR-EN-012,energy-line-2-0469-0354-s004454,energy,pv-bess-charger,energy site at line-2-0469-0354-s004454,line-2,FOR-ST-012,line-2-0469-0354-s004454,,,300 kW PV; 500 kWh storage,energy
FOR-EN-013,energy-line-2-0504-0352-s005661,energy,pv-bess-charger,energy site at line-2-0504-0352-s005661,line-2,FOR-ST-013,line-2-0504-0352-s005661,,,300 kW PV; 500 kWh storage,energy
FOR-EN-014,energy-line-2-0579-0325-s007413,energy,pv-bess-charger,energy site at line-2-0579-0325-s007413,line-2,FOR-ST-014,line-2-0579-0325-s007413,,,300 kW PV; 500 kWh storage,energy
FOR-EN-015,energy-line-2-0638-0268-s009152,energy,pv-bess-charger,energy site at line-2-0638-0268-s009152,line-2,FOR-ST-015,line-2-0638-0268-s009152,,,300 kW PV; 500 kWh storage,energy
FOR-EN-016,energy-line-3-0536-0748-s000000,energy,pv-bess-charger,energy site at line-3-0536-0748-s000000,line-3,FOR-ST-016,line-3-0536-0748-s000000,,,300 kW PV; 500 kWh storage,energy
FOR-EN-017,energy-line-3-0491-0527-s005012,energy,pv-bess-charger,energy site at line-3-0491-0527-s005012,line-3,FOR-ST-018,line-3-0491-0527-s005012,,,300 kW PV; 500 kWh storage,energy
FOR-EN-018,energy-line-3-0420-0479-s007013,energy,pv-bess-charger,energy site at line-3-0420-0479-s007013,line-3,FOR-ST-019,line-3-0420-0479-s007013,,,300 kW PV; 500 kWh storage,energy
FOR-EN-019,energy-line-3-0356-0425-s009025,energy,pv-bess-charger,energy site at line-3-0356-0425-s009025,line-3,FOR-ST-020,line-3-0356-0425-s009025,,,300 kW PV; 500 kWh storage,energy
FOR-EN-020,energy-line-3-0386-0374-s010437,energy,pv-bess-charger,energy site at line-3-0386-0374-s010437,line-3,FOR-ST-021,line-3-0386-0374-s010437,,,300 kW PV; 500 kWh storage,energy
FOR-EN-021,energy-line-3-0412-0320-s011732,energy,pv-bess-charger,energy site at line-3-0412-0320-s011732,line-3,FOR-ST-022,line-3-0412-0320-s011732,,,300 kW PV; 500 kWh storage,energy
FOR-EN-022,energy-line-3-0414-0256-s013029,energy,pv-bess-charger,energy site at line-3-0414-0256-s013029,line-3,FOR-ST-023,line-3-0414-0256-s013029,,,300 kW PV; 500 kWh storage,energy
FOR-EN-023,energy-line-3-0420-0164-s014918,energy,pv-bess-charger,energy site at line-3-0420-0164-s014918,line-3,FOR-ST-024,line-3-0420-0164-s014918,,,"5,000 kW PV; 40,000 kWh storage",energy
FOR-STR-001,junction-0,structure,elevated-interchange,elevated interchange group 0,line-3,FOR-SYS-001,,,,"0.669043, 30.274688",safety
FOR-STR-002,junction-1,structure,elevated-interchange,elevated interchange group 1,line-3,FOR-SYS-001,,,,"0.665804, 30.289242",safety
FOR-SIG-001,systems-line-1-0565-0491-s000000,signalling-comms,station-node,station systems node line-1-0565-0491-s000000,line-1,FOR-ST-001,line-1-0565-0491-s000000,0.000,0.000,"0.636829, 30.295710",safety
FOR-SIG-002,systems-line-1-0538-0442-s002013,signalling-comms,station-node,station systems node line-1-0538-0442-s002013,line-1,FOR-ST-002,line-1-0538-0442-s002013,2.013,2.013,"0.641688, 30.286906",safety
FOR-SIG-003,systems-line-1-0490-0414-s003222,signalling-comms,station-node,station systems node line-1-0490-0414-s003222,line-1,FOR-ST-003,line-1-0490-0414-s003222,3.222,3.222,"0.650327, 30.281875",safety
FOR-SIG-004,systems-line-1-0458-0397-s004436,signalling-comms,station-node,station systems node line-1-0458-0397-s004436,line-1,FOR-ST-004,line-1-0458-0397-s004436,4.436,4.436,"0.656086, 30.278821",safety
FOR-SIG-005,systems-line-1-0386-0374-s006745,signalling-comms,station-node,station systems node line-1-0386-0374-s006745,line-1,FOR-ST-005,line-1-0386-0374-s006745,6.745,6.745,"0.669043, 30.274688",safety
FOR-SIG-006,systems-line-1-0356-0329-s008223,signalling-comms,station-node,station systems node line-1-0356-0329-s008223,line-1,FOR-ST-006,line-1-0356-0329-s008223,8.223,8.223,"0.674442, 30.266603",safety
FOR-SIG-007,systems-line-1-0310-0280-s009687,signalling-comms,station-node,station systems node line-1-0310-0280-s009687,line-1,FOR-ST-007,line-1-0310-0280-s009687,9.687,9.687,"0.682721, 30.257799",safety
FOR-SIG-008,systems-line-1-0294-0228-s010953,signalling-comms,station-node,station systems node line-1-0294-0228-s010953,line-1,FOR-ST-008,line-1-0294-0228-s010953,10.953,10.953,"0.685600, 30.248456",safety
FOR-SIG-009,systems-line-1-0297-0166-s012218,signalling-comms,station-node,station systems node line-1-0297-0166-s012218,line-1,FOR-ST-009,line-1-0297-0166-s012218,12.218,12.218,"0.685060, 30.237316",safety
FOR-SIG-010,systems-line-2-0404-0455-s000000,signalling-comms,station-node,station systems node line-2-0404-0455-s000000,line-2,FOR-ST-010,line-2-0404-0455-s000000,0.000,0.000,"0.665804, 30.289242",safety
FOR-SIG-011,systems-line-2-0386-0374-s002060,signalling-comms,station-node,station systems node line-2-0386-0374-s002060,line-2,FOR-ST-011,line-2-0386-0374-s002060,2.060,2.060,"0.669043, 30.274688",safety
FOR-SIG-012,systems-line-2-0469-0354-s004454,signalling-comms,station-node,station systems node line-2-0469-0354-s004454,line-2,FOR-ST-012,line-2-0469-0354-s004454,4.454,4.454,"0.654106, 30.271095",safety
FOR-SIG-013,systems-line-2-0504-0352-s005661,signalling-comms,station-node,station systems node line-2-0504-0352-s005661,line-2,FOR-ST-013,line-2-0504-0352-s005661,5.661,5.661,"0.647807, 30.270735",safety
FOR-SIG-014,systems-line-2-0579-0325-s007413,signalling-comms,station-node,station systems node line-2-0579-0325-s007413,line-2,FOR-ST-014,line-2-0579-0325-s007413,7.413,7.413,"0.634310, 30.265884",safety
FOR-SIG-015,systems-line-2-0638-0268-s009152,signalling-comms,station-node,station systems node line-2-0638-0268-s009152,line-2,FOR-ST-015,line-2-0638-0268-s009152,9.152,9.152,"0.623692, 30.255643",safety
FOR-SIG-016,systems-line-3-0536-0748-s000000,signalling-comms,station-node,station systems node line-3-0536-0748-s000000,line-3,FOR-ST-016,line-3-0536-0748-s000000,0.000,0.000,"0.642048, 30.341886",safety
FOR-SIG-017,systems-line-3-0509-0615-s003004,signalling-comms,station-node,station systems node line-3-0509-0615-s003004,line-3,FOR-ST-017,line-3-0509-0615-s003004,3.004,3.004,"0.646907, 30.317990",safety
FOR-SIG-018,systems-line-3-0491-0527-s005012,signalling-comms,station-node,station systems node line-3-0491-0527-s005012,line-3,FOR-ST-018,line-3-0491-0527-s005012,5.012,5.012,"0.650147, 30.302178",safety
FOR-SIG-019,systems-line-3-0420-0479-s007013,signalling-comms,station-node,station systems node line-3-0420-0479-s007013,line-3,FOR-ST-019,line-3-0420-0479-s007013,7.013,7.013,"0.662924, 30.293554",safety
FOR-SIG-020,systems-line-3-0356-0425-s009025,signalling-comms,station-node,station systems node line-3-0356-0425-s009025,line-3,FOR-ST-020,line-3-0356-0425-s009025,9.025,9.025,"0.674442, 30.283852",safety
FOR-SIG-021,systems-line-3-0386-0374-s010437,signalling-comms,station-node,station systems node line-3-0386-0374-s010437,line-3,FOR-ST-021,line-3-0386-0374-s010437,10.437,10.437,"0.669043, 30.274688",safety
FOR-SIG-022,systems-line-3-0412-0320-s011732,signalling-comms,station-node,station systems node line-3-0412-0320-s011732,line-3,FOR-ST-022,line-3-0412-0320-s011732,11.732,11.732,"0.664364, 30.264986",safety
FOR-SIG-023,systems-line-3-0414-0256-s013029,signalling-comms,station-node,station systems node line-3-0414-0256-s013029,line-3,FOR-ST-023,line-3-0414-0256-s013029,13.029,13.029,"0.664004, 30.253487",safety
FOR-SIG-024,systems-line-3-0420-0164-s014918,signalling-comms,station-node,station systems node line-3-0420-0164-s014918,line-3,FOR-ST-024,line-3-0420-0164-s014918,14.918,14.918,"0.662924, 30.236956",safety
