s,kW,kW,kW,kW,kW,kW,kW,kW,kW,kW,kg/s,kg/s,kg/s
Time,HRR,HRR_OX,Q_RADI,Q_CONV,Q_COND,Q_DIFF,Q_PRES,Q_PART,Q_ENTH,Q_TOTAL,MLR_AIR,MLR_PROPANE,MLR_PRODUCTS
 0.0000000E+000, 0.0000000E+000, 0.0000000E+000,-1.4292250E-005, 2.1501666E-008, 0.0000000E+000, 0.0000000E+000, 0.0000000E+000, 0.0000000E+000, 0.0000000E+000,-1.4270749E-005, 0.0000000E+000, 0.0000000E+000, 0.0000000E+000
 3.0157042E+000, 4.8906796E+001, 0.0000000E+000,-1.4287294E+001, 5.8948901E-001,-2.7607070E-001,-2.7935381E-003, 0.0000000E+000, 0.0000000E+000, 3.3237206E+001, 3.4930127E+001, 0.0000000E+000, 9.1049050E-004, 0.0000000E+000
 6.0226626E+000, 1.0852062E+002, 0.0000000E+000,-3.1130297E+001,-1.5220800E+001,-3.2556594E+000,-7.9695190E-003, 0.0000000E+000, 0.0000000E+000, 5.8578477E+001, 5.8905894E+001, 0.0000000E+000, 2.6493673E-003, 0.0000000E+000
 9.0067978E+000, 1.8425978E+002, 0.0000000E+000,-5.3248883E+001,-9.0314285E+001,-7.4324470E+000,-1.2997117E-002, 0.0000000E+000, 0.0000000E+000, 3.3499691E+001, 3.3251165E+001, 0.0000000E+000, 4.3961406E-003, 0.0000000E+000
 1.2014710E+001, 2.4519390E+002, 0.0000000E+000,-6.8833925E+001,-1.4280715E+002,-1.0979843E+001,-1.6937501E-002, 0.0000000E+000, 0.0000000E+000, 2.3296758E+001, 2.2556050E+001, 0.0000000E+000, 5.7415225E-003, 0.0000000E+000
 1.5015815E+001, 2.4913618E+002, 0.0000000E+000,-6.6885360E+001,-1.7036580E+002,-1.2389720E+001,-1.7313480E-002, 0.0000000E+000, 0.0000000E+000, 5.0756019E-001,-5.2201308E-001, 0.0000000E+000, 5.8334557E-003, 0.0000000E+000
 1.8001986E+001, 2.5012594E+002, 0.0000000E+000,-6.5148185E+001,-1.7276657E+002,-1.2634667E+001,-1.7302235E-002, 0.0000000E+000, 0.0000000E+000, 6.1471759E-001,-4.4078931E-001, 0.0000000E+000, 5.8334557E-003, 0.0000000E+000
 2.1025053E+001, 2.4881782E+002, 0.0000000E+000,-6.5338621E+001,-1.7272746E+002,-1.2611746E+001,-1.7369883E-002, 0.0000000E+000, 0.0000000E+000,-8.1274997E-001,-1.8773723E+000, 0.0000000E+000, 5.8334557E-003, 0.0000000E+000
 2.4020462E+001, 2.4994873E+002, 0.0000000E+000,-6.5423694E+001,-1.7124295E+002,-1.2581221E+001,-1.7317993E-002, 0.0000000E+000, 0.0000000E+000, 1.5442808E+000, 6.8355431E-001, 0.0000000E+000, 5.8334557E-003, 0.0000000E+000
 2.7002956E+001, 2.5002362E+002, 0.0000000E+000,-6.6336271E+001,-1.7338281E+002,-1.2650081E+001,-1.7184234E-002, 0.0000000E+000, 0.0000000E+000,-1.3607140E+000,-2.3627309E+000, 0.0000000E+000, 5.8334557E-003, 0.0000000E+000
 3.0013273E+001, 2.4964169E+002, 0.0000000E+000,-6.5491656E+001,-1.7192864E+002,-1.2577210E+001,-1.7375942E-002, 0.0000000E+000, 0.0000000E+000, 6.3482983E-001,-3.7320093E-001, 0.0000000E+000, 5.8334557E-003, 0.0000000E+000
 3.3030788E+001, 2.4945633E+002, 0.0000000E+000,-6.5704028E+001,-1.7150893E+002,-1.2654475E+001,-1.7316347E-002, 0.0000000E+000, 0.0000000E+000, 6.6981782E-001,-4.2842563E-001, 0.0000000E+000, 5.8334557E-003, 0.0000000E+000
 3.6027191E+001, 2.5016642E+002, 0.0000000E+000,-6.6088068E+001,-1.7433966E+002,-1.2588543E+001,-1.7257692E-002, 0.0000000E+000, 0.0000000E+000,-1.8360107E+000,-2.8671162E+000, 0.0000000E+000, 5.8334557E-003, 0.0000000E+000
 3.9016281E+001, 2.4970262E+002, 0.0000000E+000,-6.5826929E+001,-1.7154244E+002,-1.2574205E+001,-1.7204082E-002, 0.0000000E+000, 0.0000000E+000, 8.6022581E-001,-2.5815620E-001, 0.0000000E+000, 5.8334557E-003, 0.0000000E+000
 4.2003750E+001, 2.5025081E+002, 0.0000000E+000,-6.5788685E+001,-1.7459062E+002,-1.2657806E+001,-1.7286822E-002, 0.0000000E+000, 0.0000000E+000,-1.7569196E+000,-2.8035908E+000, 0.0000000E+000, 5.8334557E-003, 0.0000000E+000
 4.5035599E+001, 2.4944900E+002, 0.0000000E+000,-6.4851727E+001,-1.7350916E+002,-1.2558920E+001,-1.7351775E-002, 0.0000000E+000, 0.0000000E+000,-3.4442760E-001,-1.4881601E+000, 0.0000000E+000, 5.8334557E-003, 0.0000000E+000
 4.8034809E+001, 2.4941135E+002, 0.0000000E+000,-6.5547031E+001,-1.7068899E+002,-1.2486189E+001,-1.7285946E-002, 0.0000000E+000, 0.0000000E+000, 1.6623052E+000, 6.7185773E-001, 0.0000000E+000, 5.8334557E-003, 0.0000000E+000
 5.1026157E+001, 2.4988713E+002, 0.0000000E+000,-6.5668815E+001,-1.7269859E+002,-1.2461223E+001,-1.7318696E-002, 0.0000000E+000, 0.0000000E+000, 7.0859291E-002,-9.5882442E-001, 0.0000000E+000, 5.8334557E-003, 0.0000000E+000
 5.4027203E+001, 2.4975568E+002, 0.0000000E+000,-6.5967149E+001,-1.7261577E+002,-1.2481871E+001,-1.7269346E-002, 0.0000000E+000, 0.0000000E+000,-2.6843524E-001,-1.3263808E+000, 0.0000000E+000, 5.8334557E-003, 0.0000000E+000
 5.7019348E+001, 2.4944816E+002, 0.0000000E+000,-6.5719986E+001,-1.7265094E+002,-1.2476384E+001,-1.7348787E-002, 0.0000000E+000, 0.0000000E+000,-5.9205932E-001,-1.4164918E+000, 0.0000000E+000, 5.8334557E-003, 0.0000000E+000
 6.0000000E+001, 2.5077775E+002, 0.0000000E+000,-6.6429461E+001,-1.7237168E+002,-1.2653752E+001,-1.7242388E-002, 0.0000000E+000, 0.0000000E+000, 4.9821650E-001,-6.9438528E-001, 0.0000000E+000, 5.8334557E-003, 0.0000000E+000
